origin,destination,distance_km,duration_mins,,League
Aberbargoed Buds,Aberbargoed Buds,NA,NA,NA,South East
Abergavenny Town,Aberbargoed Buds,35.32,43.4,21.94682372,South East
Abertillery Bluebirds,Aberbargoed Buds,12.67,26.78,7.87277057,South East
Abertillery Excelsiors,Aberbargoed Buds,14.26,29.98,8.86075046,South East
Caldicot Town,Aberbargoed Buds,46.91,57.72,29.14851361,South East
Chepstow Town,Aberbargoed Buds,54.57,52.13,33.90821547,South East
Croesyceiliog,Aberbargoed Buds,21.28,34.27,13.22277488,South East
Goytre FC,Aberbargoed Buds,23.51,33.43,14.60843221,South East
Llandrindod Wells,Aberbargoed Buds,86.63,100.58,53.82936973,South East
Monmouth Town,Aberbargoed Buds,23.51,33.43,14.60843221,South East
Newport City,Aberbargoed Buds,32.19,47.33,20.00193249,South East
Panteg,Aberbargoed Buds,20.29,30.92,12.60761759,South East
Rhayader Town,Aberbargoed Buds,95.77,107.63,59.50870067,South East
Tredegar Town,Aberbargoed Buds,10.15,18.2,6.30691565,South East
Treowen Stars,Aberbargoed Buds,7.79,16.77,4.84048009,South East
Trethomas Bluebirds,Aberbargoed Buds,8.05,15.9,5.00203655,South East
Aberbargoed Buds,Abergavenny Town,35.07,42.05,21.79148097,South East
Abergavenny Town,Abergavenny Town,NA,NA,NA,South East
Abertillery Bluebirds,Abergavenny Town,21.99,29.95,13.66394829,South East
Abertillery Excelsiors,Abergavenny Town,23.59,33.15,14.65814189,South East
Caldicot Town,Abergavenny Town,51.43,49.28,31.95711053,South East
Chepstow Town,Abergavenny Town,59.09,43.7,36.71681239,South East
Croesyceiliog,Abergavenny Town,22.08,29.6,13.71987168,South East
Goytre FC,Abergavenny Town,12.51,18.82,7.77335121,South East
Llandrindod Wells,Abergavenny Town,65.25,77.75,40.54445775,South East
Monmouth Town,Abergavenny Town,12.51,18.82,7.77335121,South East
Newport City,Abergavenny Town,33.67,40.48,20.92156157,South East
Panteg,Abergavenny Town,40.49,46.12,25.15931179,South East
Rhayader Town,Abergavenny Town,74.39,84.8,46.22378869,South East
Tredegar Town,Abergavenny Town,23.55,28.8,14.63328705,South East
Treowen Stars,Abergavenny Town,28.12,37,17.47295252,South East
Trethomas Bluebirds,Abergavenny Town,36.48,45.68,22.66761408,South East
Aberbargoed Buds,Abertillery Bluebirds,12.65,26.97,7.86034315,South East
Abergavenny Town,Abertillery Bluebirds,22.25,31.52,13.82550475,South East
Abertillery Bluebirds,Abertillery Bluebirds,NA,NA,NA,South East
Abertillery Excelsiors,Abertillery Bluebirds,1.91,4.43,1.18681861,South East
Caldicot Town,Abertillery Bluebirds,47.54,56.63,29.53997734,South East
Chepstow Town,Abertillery Bluebirds,55.19,51.05,34.29346549,South East
Croesyceiliog,Abertillery Bluebirds,21.9,33.18,13.6080249,South East
Goytre FC,Abertillery Bluebirds,24.14,32.35,14.99989594,South East
Llandrindod Wells,Abertillery Bluebirds,76.8,94.7,47.7212928,South East
Monmouth Town,Abertillery Bluebirds,24.14,32.35,14.99989594,South East
Newport City,Abertillery Bluebirds,33.5,44.07,20.8159285,South East
Panteg,Abertillery Bluebirds,20.8,33.43,12.9245168,South East
Rhayader Town,Abertillery Bluebirds,85.94,101.75,53.40062374,South East
Tredegar Town,Abertillery Bluebirds,21.03,26.98,13.06743213,South East
Treowen Stars,Abertillery Bluebirds,10.01,18.88,6.21992371,South East
Trethomas Bluebirds,Abertillery Bluebirds,18.67,28.93,11.60099657,South East
Aberbargoed Buds,Abertillery Excelsiors,14.3,30.15,8.8856053,South East
Abergavenny Town,Abertillery Excelsiors,23.9,34.7,14.8507669,South East
Abertillery Bluebirds,Abertillery Excelsiors,1.91,4.48,1.18681861,South East
Abertillery Excelsiors,Abertillery Excelsiors,NA,NA,NA,South East
Caldicot Town,Abertillery Excelsiors,49.18,59.82,30.55902578,South East
Chepstow Town,Abertillery Excelsiors,56.84,54.23,35.31872764,South East
Croesyceiliog,Abertillery Excelsiors,23.55,36.37,14.63328705,South East
Goytre FC,Abertillery Excelsiors,25.78,35.53,16.01894438,South East
Llandrindod Wells,Abertillery Excelsiors,78.44,97.88,48.74034124,South East
Monmouth Town,Abertillery Excelsiors,25.78,35.53,16.01894438,South East
Newport City,Abertillery Excelsiors,35.14,47.25,21.83497694,South East
Panteg,Abertillery Excelsiors,22.44,36.62,13.94356524,South East
Rhayader Town,Abertillery Excelsiors,87.59,104.93,54.42588589,South East
Tredegar Town,Abertillery Excelsiors,22.67,30.17,14.08648057,South East
Treowen Stars,Abertillery Excelsiors,11.66,22.07,7.24518586,South East
Trethomas Bluebirds,Abertillery Excelsiors,20.31,32.12,12.62004501,South East
Aberbargoed Buds,Caldicot Town,46.31,51.5,28.77569101,South East
Abergavenny Town,Caldicot Town,52.2,40.48,32.4355662,South East
Abertillery Bluebirds,Caldicot Town,46.88,50.07,29.12987248,South East
Abertillery Excelsiors,Caldicot Town,48.48,53.27,30.12406608,South East
Caldicot Town,Caldicot Town,NA,NA,NA,South East
Chepstow Town,Caldicot Town,8.23,15.87,5.11388333,South East
Croesyceiliog,Caldicot Town,25.52,23.73,15.85738792,South East
Goytre FC,Caldicot Town,36.31,31.05,22.56198101,South East
Llandrindod Wells,Caldicot Town,116,112,72.079036,South East
Monmouth Town,Caldicot Town,36.31,31.05,22.56198101,South East
Newport City,Caldicot Town,19.95,24.98,12.39635145,South East
Panteg,Caldicot Town,31.19,27.97,19.38056149,South East
Rhayader Town,Caldicot Town,125.14,119.05,77.75836694,South East
Tredegar Town,Caldicot Town,71.84,57.02,44.63929264,South East
Treowen Stars,Caldicot Town,40.45,40.63,25.13445695,South East
Trethomas Bluebirds,Caldicot Town,55.62,44.82,34.56065502,South East
Aberbargoed Buds,Chepstow Town,54.34,53.1,33.76530014,South East
Abergavenny Town,Chepstow Town,60.23,42.08,37.42517533,South East
Abertillery Bluebirds,Chepstow Town,54.92,51.67,34.12569532,South East
Abertillery Excelsiors,Chepstow Town,56.51,54.87,35.11367521,South East
Caldicot Town,Chepstow Town,8.29,15.8,5.15116559,South East
Chepstow Town,Chepstow Town,NA,NA,NA,South East
Croesyceiliog,Chepstow Town,33.55,25.33,20.84699705,South East
Goytre FC,Chepstow Town,44.34,32.65,27.55159014,South East
Llandrindod Wells,Chepstow Town,124.03,113.6,77.06864513,South East
Monmouth Town,Chepstow Town,44.34,32.65,27.55159014,South East
Newport City,Chepstow Town,27.98,26.58,17.38596058,South East
Panteg,Chepstow Town,39.22,29.57,24.37017062,South East
Rhayader Town,Chepstow Town,133.17,120.65,82.74797607,South East
Tredegar Town,Chepstow Town,79.87,58.62,49.62890177,South East
Treowen Stars,Chepstow Town,48.48,42.23,30.12406608,South East
Trethomas Bluebirds,Chepstow Town,63.65,46.42,39.55026415,South East
Aberbargoed Buds,Croesyceiliog,21.52,35.43,13.37190392,South East
Abergavenny Town,Croesyceiliog,23.11,28.1,14.35988381,South East
Abertillery Bluebirds,Croesyceiliog,22.1,34,13.7322991,South East
Abertillery Excelsiors,Croesyceiliog,23.7,37.2,14.7264927,South East
Caldicot Town,Croesyceiliog,26.18,31.27,16.26749278,South East
Chepstow Town,Croesyceiliog,33.84,25.68,21.02719464,South East
Croesyceiliog,Croesyceiliog,NA,NA,NA,South East
Goytre FC,Croesyceiliog,11.52,14.98,7.15819392,South East
Llandrindod Wells,Croesyceiliog,86.9,99.62,53.9971399,South East
Monmouth Town,Croesyceiliog,11.52,14.98,7.15819392,South East
Newport City,Croesyceiliog,12.15,18.7,7.54965765,South East
Panteg,Croesyceiliog,18.96,24.33,11.78119416,South East
Rhayader Town,Croesyceiliog,96.04,106.67,59.67647084,South East
Tredegar Town,Croesyceiliog,42.75,44.63,26.56361025,South East
Treowen Stars,Croesyceiliog,15.66,24.57,9.73066986,South East
Trethomas Bluebirds,Croesyceiliog,24.02,33.25,14.92533142,South East
Aberbargoed Buds,Goytre FC,23.58,34.17,14.65192818,South East
Abergavenny Town,Goytre FC,13.58,18.07,8.43821818,South East
Abertillery Bluebirds,Goytre FC,24.15,32.73,15.00610965,South East
Abertillery Excelsiors,Goytre FC,25.75,35.93,16.00030325,South East
Caldicot Town,Goytre FC,37.31,39.35,23.18335201,South East
Chepstow Town,Goytre FC,44.97,33.77,27.94305387,South East
Croesyceiliog,Goytre FC,11.68,15.9,7.25761328,South East
Goytre FC,Goytre FC,NA,NA,NA,South East
Llandrindod Wells,Goytre FC,77.38,89.58,48.08168798,South East
Monmouth Town,Goytre FC,NA,NA,NA,South East
Newport City,Goytre FC,23.28,26.78,14.46551688,South East
Panteg,Goytre FC,30.09,32.42,18.69705339,South East
Rhayader Town,Goytre FC,86.52,96.63,53.76101892,South East
Tredegar Town,Goytre FC,33.22,34.6,20.64194462,South East
Treowen Stars,Goytre FC,17.72,23.3,11.01069412,South East
Trethomas Bluebirds,Goytre FC,26.08,31.98,16.20535568,South East
Aberbargoed Buds,Llandrindod Wells,87.26,100.78,54.22083346,South East
Abergavenny Town,Llandrindod Wells,65.38,78.07,40.62523598,South East
Abertillery Bluebirds,Llandrindod Wells,76.6,93.98,47.5970186,South East
Abertillery Excelsiors,Llandrindod Wells,78.2,97.18,48.5912122,South East
Caldicot Town,Llandrindod Wells,116.03,120.08,72.09767713,South East
Chepstow Town,Llandrindod Wells,123.69,114.5,76.85737899,South East
Croesyceiliog,Llandrindod Wells,86.68,100.4,53.86043828,South East
Goytre FC,Llandrindod Wells,77.11,89.62,47.91391781,South East
Llandrindod Wells,Llandrindod Wells,NA,NA,NA,South East
Monmouth Town,Llandrindod Wells,77.11,89.62,47.91391781,South East
Newport City,Llandrindod Wells,98.27,111.28,61.06212817,South East
Panteg,Llandrindod Wells,105.08,116.92,65.29366468,South East
Rhayader Town,Llandrindod Wells,19.06,22.53,11.84333126,South East
Tredegar Town,Llandrindod Wells,82.08,91.3,51.00213168,South East
Treowen Stars,Llandrindod Wells,92.71,107.8,57.60730541,South East
Trethomas Bluebirds,Llandrindod Wells,88.88,97.15,55.22745448,South East
Aberbargoed Buds,Monmouth Town,23.58,34.17,14.65192818,South East
Abergavenny Town,Monmouth Town,13.58,18.07,8.43821818,South East
Abertillery Bluebirds,Monmouth Town,24.15,32.73,15.00610965,South East
Abertillery Excelsiors,Monmouth Town,25.75,35.93,16.00030325,South East
Caldicot Town,Monmouth Town,37.31,39.35,23.18335201,South East
Chepstow Town,Monmouth Town,44.97,33.77,27.94305387,South East
Croesyceiliog,Monmouth Town,11.68,15.9,7.25761328,South East
Goytre FC,Monmouth Town,NA,NA,NA,South East
Llandrindod Wells,Monmouth Town,77.38,89.58,48.08168798,South East
Monmouth Town,Monmouth Town,NA,NA,NA,South East
Newport City,Monmouth Town,23.28,26.78,14.46551688,South East
Panteg,Monmouth Town,30.09,32.42,18.69705339,South East
Rhayader Town,Monmouth Town,86.52,96.63,53.76101892,South East
Tredegar Town,Monmouth Town,33.22,34.6,20.64194462,South East
Treowen Stars,Monmouth Town,17.72,23.3,11.01069412,South East
Trethomas Bluebirds,Monmouth Town,26.08,31.98,16.20535568,South East
Aberbargoed Buds,Newport City,31.78,48.07,19.74717038,South East
Abergavenny Town,Newport City,44.38,36.47,27.57644498,South East
Abertillery Bluebirds,Newport City,33.93,47.03,21.08311803,South East
Abertillery Excelsiors,Newport City,35.52,50.23,22.07109792,South East
Caldicot Town,Newport City,19.3,29.33,11.9924603,South East
Chepstow Town,Newport City,26.96,23.75,16.75216216,South East
Croesyceiliog,Newport City,12.56,20.7,7.80441976,South East
Goytre FC,Newport City,23.35,28.02,14.50901285,South East
Llandrindod Wells,Newport City,108.18,107.98,67.21991478,South East
Monmouth Town,Newport City,23.35,28.02,14.50901285,South East
Newport City,Newport City,NA,NA,NA,South East
Panteg,Newport City,13.16,23.32,8.17724236,South East
Rhayader Town,Newport City,117.32,115.03,72.89924572,South East
Tredegar Town,Newport City,64.02,53,39.78017142,South East
Treowen Stars,Newport City,23.34,37.25,14.50279914,South East
Trethomas Bluebirds,Newport City,37.6,40.18,23.3635496,South East
Aberbargoed Buds,Panteg,19.92,29.65,12.37771032,South East
Abergavenny Town,Panteg,43.64,45.55,27.11663044,South East
Abertillery Bluebirds,Panteg,20.44,32.22,12.70082324,South East
Abertillery Excelsiors,Panteg,22.04,35.42,13.69501684,South East
Caldicot Town,Panteg,32.52,36.67,20.20698492,South East
Chepstow Town,Panteg,40.18,31.08,24.96668678,South East
Croesyceiliog,Panteg,21.27,25.12,13.21656117,South East
Goytre FC,Panteg,32.06,32.43,19.92115426,South East
Llandrindod Wells,Panteg,107.44,117.07,66.76010024,South East
Monmouth Town,Panteg,32.06,32.43,19.92115426,South East
Newport City,Panteg,13.4,22.3,8.3263714,South East
Panteg,Panteg,NA,NA,NA,South East
Rhayader Town,Panteg,116.58,124.12,72.43943118,South East
Tredegar Town,Panteg,28.37,41.55,17.62829527,South East
Treowen Stars,Panteg,11.48,18.83,7.13333908,South East
Trethomas Bluebirds,Panteg,18.65,25.85,11.58856915,South East
Aberbargoed Buds,Rhayader Town,96.26,107.23,59.81317246,South East
Abergavenny Town,Rhayader Town,74.39,84.52,46.22378869,South East
Abertillery Bluebirds,Rhayader Town,85.61,100.43,53.19557131,South East
Abertillery Excelsiors,Rhayader Town,87.2,103.63,54.1835512,South East
Caldicot Town,Rhayader Town,125.04,126.53,77.69622984,South East
Chepstow Town,Rhayader Town,132.69,120.95,82.44971799,South East
Croesyceiliog,Rhayader Town,95.68,106.85,59.45277728,South East
Goytre FC,Rhayader Town,86.11,96.07,53.50625681,South East
Llandrindod Wells,Rhayader Town,19.02,22.3,11.81847642,South East
Monmouth Town,Rhayader Town,86.11,96.07,53.50625681,South East
Newport City,Rhayader Town,107.28,117.73,66.66068088,South East
Panteg,Rhayader Town,114.09,123.37,70.89221739,South East
Rhayader Town,Rhayader Town,NA,NA,NA,South East
Tredegar Town,Rhayader Town,91.09,97.75,56.60068439,South East
Treowen Stars,Rhayader Town,101.72,114.25,63.20585812,South East
Trethomas Bluebirds,Rhayader Town,97.88,103.6,60.81979348,South East
Aberbargoed Buds,Tredegar Town,10.15,18.2,6.30691565,South East
Abergavenny Town,Tredegar Town,23.55,28.8,14.63328705,South East
Abertillery Bluebirds,Tredegar Town,21.03,26.98,13.06743213,South East
Abertillery Excelsiors,Tredegar Town,22.67,30.17,14.08648057,South East
Caldicot Town,Tredegar Town,71.84,57.02,44.63929264,South East
Chepstow Town,Tredegar Town,79.87,58.62,49.62890177,South East
Croesyceiliog,Tredegar Town,42.75,44.63,26.56361025,South East
Goytre FC,Tredegar Town,33.22,34.6,20.64194462,South East
Llandrindod Wells,Tredegar Town,82.08,91.3,51.00213168,South East
Monmouth Town,Tredegar Town,33.22,34.6,20.64194462,South East
Newport City,Tredegar Town,64.02,53,39.78017142,South East
Panteg,Tredegar Town,28.37,41.55,17.62829527,South East
Rhayader Town,Tredegar Town,91.09,97.75,56.60068439,South East
Tredegar Town,Tredegar Town,NA,NA,NA,South East
Treowen Stars,Tredegar Town,15.48,27.68,9.61882308,South East
Trethomas Bluebirds,Tredegar Town,18.15,33.28,11.27788365,South East
Aberbargoed Buds,Treowen Stars,7.84,17.15,4.87154864,South East
Abergavenny Town,Treowen Stars,29.28,36.07,18.19374288,South East
Abertillery Bluebirds,Treowen Stars,10,18.92,6.21371,South East
Abertillery Excelsiors,Treowen Stars,11.6,22.12,7.2079036,South East
Caldicot Town,Treowen Stars,41.09,47.23,25.53213439,South East
Chepstow Town,Treowen Stars,48.75,41.65,30.29183625,South East
Croesyceiliog,Treowen Stars,15.46,23.78,9.60639566,South East
Goytre FC,Treowen Stars,17.69,22.95,10.99205299,South East
Llandrindod Wells,Treowen Stars,93.07,107.58,57.83099897,South East
Monmouth Town,Treowen Stars,17.69,22.95,10.99205299,South East
Newport City,Treowen Stars,23.67,36.1,14.70785157,South East
Panteg,Treowen Stars,11.77,19.68,7.31353667,South East
Rhayader Town,Treowen Stars,102.21,114.63,63.51032991,South East
Tredegar Town,Treowen Stars,15.48,27.68,9.61882308,South East
Treowen Stars,Treowen Stars,NA,NA,NA,South East
Trethomas Bluebirds,Treowen Stars,9.64,15.18,5.99001644,South East
Aberbargoed Buds,Trethomas Bluebirds,7.99,15.15,4.96475429,South East
Abergavenny Town,Trethomas Bluebirds,37.66,44.87,23.40083186,South East
Abertillery Bluebirds,Trethomas Bluebirds,18.68,29.08,11.60721028,South East
Abertillery Excelsiors,Trethomas Bluebirds,20.28,32.28,12.60140388,South East
Caldicot Town,Trethomas Bluebirds,56.37,50.93,35.02668327,South East
Chepstow Town,Trethomas Bluebirds,64.03,45.35,39.78638513,South East
Croesyceiliog,Trethomas Bluebirds,23.84,32.58,14.81348464,South East
Goytre FC,Trethomas Bluebirds,26.08,31.75,16.20535568,South East
Llandrindod Wells,Trethomas Bluebirds,88.25,96.07,54.83599075,South East
Monmouth Town,Trethomas Bluebirds,26.08,31.75,16.20535568,South East
Newport City,Trethomas Bluebirds,37.32,37.48,23.18956572,South East
Panteg,Trethomas Bluebirds,15.26,26.88,9.48212146,South East
Rhayader Town,Trethomas Bluebirds,97.39,103.12,60.51532169,South East
Tredegar Town,Trethomas Bluebirds,18.15,33.28,11.27788365,South East
Treowen Stars,Trethomas Bluebirds,9.72,15.7,6.03972612,South East
Trethomas Bluebirds,Trethomas Bluebirds,NA,NA,NA,South East
AFC Llwydcoed,AFC Llwydcoed,NA,NA,NA,South West
AFC Porth,AFC Llwydcoed,22.4,41.23,13.9187104,South West
Caerau Ely,AFC Llwydcoed,50.69,45.08,31.49729599,South West
Cwmamman Utd,AFC Llwydcoed,68,62.57,42.253228,South West
Dinas Powys,AFC Llwydcoed,60.08,52.13,37.33196968,South West
Garden Village,AFC Llwydcoed,50.44,42.92,31.34195324,South West
Penrhiwceiber Rangers,AFC Llwydcoed,11.91,23.67,7.40052861,South West
Penydarren BGC,AFC Llwydcoed,9.75,13.73,6.05836725,South West
Pontardawe Town,AFC Llwydcoed,46.26,43.12,28.74462246,South West
Pontyclun,AFC Llwydcoed,42.57,46.85,26.45176347,South West
STM Sports,AFC Llwydcoed,49.69,51.45,30.87592499,South West
Ton Pentre,AFC Llwydcoed,24.49,37.38,15.21737579,South West
Treharris Athletic,AFC Llwydcoed,23.75,27.35,14.75756125,South West
West End,AFC Llwydcoed,33.63,30.28,20.89670673,South West
Ynyshir Albions,AFC Llwydcoed,19.97,38.05,12.40877887,South West
Ynysygerwn,AFC Llwydcoed,33.63,30.28,20.89670673,South West
AFC Llwydcoed,AFC Porth,22.55,41.48,14.01191605,South West
AFC Porth,AFC Porth,NA,NA,NA,South West
Caerau Ely,AFC Porth,31.64,37.97,19.66017844,South West
Cwmamman Utd,AFC Porth,95.24,88.12,59.17937404,South West
Dinas Powys,AFC Porth,41.03,45.02,25.49485213,South West
Garden Village,AFC Porth,77.68,68.47,48.26809928,South West
Penrhiwceiber Rangers,AFC Porth,18.7,30.35,11.6196377,South West
Penydarren BGC,AFC Porth,28.13,35.67,17.47916623,South West
Pontardawe Town,AFC Porth,73.51,68.67,45.67698221,South West
Pontyclun,AFC Porth,14.33,28.37,8.90424643,South West
STM Sports,AFC Porth,30.64,44.33,19.03880744,South West
Ton Pentre,AFC Porth,6.86,14,4.26260506,South West
Treharris Athletic,AFC Porth,17.05,28.68,10.59437555,South West
West End,AFC Porth,60.78,57,37.76692938,South West
Ynyshir Albions,AFC Porth,3.25,7.82,2.01945575,South West
Ynysygerwn,AFC Porth,60.78,57,37.76692938,South West
AFC Llwydcoed,Caerau Ely,51.62,47.55,32.07517102,South West
AFC Porth,Caerau Ely,26.76,39.08,16.62788796,South West
Caerau Ely,Caerau Ely,NA,NA,NA,South West
Cwmamman Utd,Caerau Ely,90.56,74.22,56.27135776,South West
Dinas Powys,Caerau Ely,11.35,22.32,7.05256085,South West
Garden Village,Caerau Ely,73,54.57,45.360083,South West
Penrhiwceiber Rangers,Caerau Ely,36.29,38.13,22.54955359,South West
Penydarren BGC,Caerau Ely,45.72,43.45,28.40908212,South West
Pontardawe Town,Caerau Ely,68.83,54.77,42.76896593,South West
Pontyclun,Caerau Ely,15.63,23.87,9.71202873,South West
STM Sports,Caerau Ely,14.49,33.03,9.00366579,South West
Ton Pentre,Caerau Ely,32.13,47.88,19.96465023,South West
Treharris Athletic,Caerau Ely,34.64,36.47,21.52429144,South West
West End,Caerau Ely,56.1,43.1,34.8589131,South West
Ynyshir Albions,Caerau Ely,27.77,42.42,17.25547267,South West
Ynysygerwn,Caerau Ely,56.1,43.1,34.8589131,South West
AFC Llwydcoed,Cwmamman Utd,45.35,68.87,28.17917485,South West
AFC Porth,Cwmamman Utd,95.62,88.62,59.41549502,South West
Caerau Ely,Cwmamman Utd,90.66,74.5,56.33349486,South West
Cwmamman Utd,Cwmamman Utd,NA,NA,NA,South West
Dinas Powys,Cwmamman Utd,100.04,81.55,62.16195484,South West
Garden Village,Cwmamman Utd,29.21,36.42,18.15024691,South West
Penrhiwceiber Rangers,Cwmamman Utd,55.28,86.65,34.34938888,South West
Penydarren BGC,Cwmamman Utd,53.35,76.28,33.15014285,South West
Pontardawe Town,Cwmamman Utd,14.27,28.42,8.86696417,South West
Pontyclun,Cwmamman Utd,84.49,73.4,52.49963579,South West
STM Sports,Cwmamman Utd,100.25,88.3,62.29244275,South West
Ton Pentre,Cwmamman Utd,58.95,88.45,36.62982045,South West
Treharris Athletic,Cwmamman Utd,67.35,89.9,41.84933685,South West
West End,Cwmamman Utd,36.05,38.6,22.40042455,South West
Ynyshir Albions,Cwmamman Utd,96.64,91.95,60.04929344,South West
Ynysygerwn,Cwmamman Utd,36.05,38.6,22.40042455,South West
AFC Llwydcoed,Dinas Powys,61.38,56.3,38.13975198,South West
AFC Porth,Dinas Powys,36.52,47.83,22.69246892,South West
Caerau Ely,Dinas Powys,11.23,21.75,6.97799633,South West
Cwmamman Utd,Dinas Powys,100.32,82.97,62.33593872,South West
Dinas Powys,Dinas Powys,NA,NA,NA,South West
Garden Village,Dinas Powys,82.76,63.32,51.42466396,South West
Penrhiwceiber Rangers,Dinas Powys,46.06,46.88,28.62034826,South West
Penydarren BGC,Dinas Powys,55.49,52.2,34.47987679,South West
Pontardawe Town,Dinas Powys,78.59,63.52,48.83354689,South West
Pontyclun,Dinas Powys,25.39,32.62,15.77660969,South West
STM Sports,Dinas Powys,14.36,34.98,8.92288756,South West
Ton Pentre,Dinas Powys,41.9,56.63,26.0354449,South West
Treharris Athletic,Dinas Powys,44.4,45.22,27.5888724,South West
West End,Dinas Powys,65.86,51.85,40.92349406,South West
Ynyshir Albions,Dinas Powys,37.54,51.17,23.32626734,South West
Ynysygerwn,Dinas Powys,65.86,51.85,40.92349406,South West
AFC Llwydcoed,Garden Village,50.56,43.82,31.41651776,South West
AFC Porth,Garden Village,77.79,68.72,48.33645009,South West
Caerau Ely,Garden Village,72.83,54.6,45.25444993,South West
Cwmamman Utd,Garden Village,29.45,38.38,18.29937595,South West
Dinas Powys,Garden Village,82.21,61.65,51.08290991,South West
Garden Village,Garden Village,NA,NA,NA,South West
Penrhiwceiber Rangers,Garden Village,60.48,61.6,37.58051808,South West
Penydarren BGC,Garden Village,58.56,51.23,36.38748576,South West
Pontardawe Town,Garden Village,19.6,25.5,12.1788716,South West
Pontyclun,Garden Village,66.66,53.5,41.42059086,South West
STM Sports,Garden Village,82.42,68.4,51.21339782,South West
Ton Pentre,Garden Village,64.16,63.4,39.86716336,South West
Treharris Athletic,Garden Village,72.56,64.85,45.08667976,South West
West End,Garden Village,18.22,18.7,11.32137962,South West
Ynyshir Albions,Garden Village,78.8,72.05,48.9640348,South West
Ynysygerwn,Garden Village,18.22,18.7,11.32137962,South West
AFC Llwydcoed,Penrhiwceiber Rangers,11.85,22.77,7.36324635,South West
AFC Porth,Penrhiwceiber Rangers,18.38,29.07,11.42079898,South West
Caerau Ely,Penrhiwceiber Rangers,35.34,35.73,21.95925114,South West
Cwmamman Utd,Penrhiwceiber Rangers,77.97,80.05,48.44829687,South West
Dinas Powys,Penrhiwceiber Rangers,44.72,42.78,27.78771112,South West
Garden Village,Penrhiwceiber Rangers,60.41,60.4,37.53702211,South West
Penrhiwceiber Rangers,Penrhiwceiber Rangers,NA,NA,NA,South West
Penydarren BGC,Penrhiwceiber Rangers,19.49,25.1,12.11052079,South West
Pontardawe Town,Penrhiwceiber Rangers,56.23,60.6,34.93969133,South West
Pontyclun,Penrhiwceiber Rangers,27.22,37.5,16.91371862,South West
STM Sports,Penrhiwceiber Rangers,34.34,42.1,21.33788014,South West
Ton Pentre,Penrhiwceiber Rangers,13.46,34.48,8.36365366,South West
Treharris Athletic,Penrhiwceiber Rangers,8.41,18.28,5.22573011,South West
West End,Penrhiwceiber Rangers,43.6,47.77,27.0917756,South West
Ynyshir Albions,Penrhiwceiber Rangers,11.64,26.63,7.23275844,South West
Ynysygerwn,Penrhiwceiber Rangers,43.6,47.77,27.0917756,South West
AFC Llwydcoed,Penydarren BGC,10.17,14.48,6.31934307,South West
AFC Porth,Penydarren BGC,28.27,35.55,17.56615817,South West
Caerau Ely,Penydarren BGC,45.23,42.22,28.10461033,South West
Cwmamman Utd,Penydarren BGC,76.36,70.48,47.44788956,South West
Dinas Powys,Penydarren BGC,54.62,49.27,33.93928402,South West
Garden Village,Penydarren BGC,58.81,50.83,36.54282851,South West
Penrhiwceiber Rangers,Penydarren BGC,19.58,24.98,12.16644418,South West
Penydarren BGC,Penydarren BGC,NA,NA,NA,South West
Pontardawe Town,Penydarren BGC,54.63,51.03,33.94549773,South West
Pontyclun,Penydarren BGC,37.11,43.98,23.05907781,South West
STM Sports,Penydarren BGC,44.24,48.58,27.48945304,South West
Ton Pentre,Penydarren BGC,32.85,45.3,20.41203735,South West
Treharris Athletic,Penydarren BGC,18.29,24.48,11.36487559,South West
West End,Penydarren BGC,42,38.2,26.097582,South West
Ynyshir Albions,Penydarren BGC,28.94,37.38,17.98247674,South West
Ynysygerwn,Penydarren BGC,42,38.2,26.097582,South West
AFC Llwydcoed,Pontardawe Town,46.86,44.88,29.11744506,South West
AFC Porth,Pontardawe Town,74.08,69.78,46.03116368,South West
Caerau Ely,Pontardawe Town,69.12,55.67,42.94916352,South West
Cwmamman Utd,Pontardawe Town,14.32,28.58,8.89803272,South West
Dinas Powys,Pontardawe Town,78.5,62.72,48.7776235,South West
Garden Village,Pontardawe Town,19.45,24.52,12.08566595,South West
Penrhiwceiber Rangers,Pontardawe Town,56.78,62.67,35.28144538,South West
Penydarren BGC,Pontardawe Town,54.86,52.3,34.08841306,South West
Pontardawe Town,Pontardawe Town,NA,NA,NA,South West
Pontyclun,Pontardawe Town,62.95,54.57,39.11530445,South West
STM Sports,Pontardawe Town,78.72,69.47,48.91432512,South West
Ton Pentre,Pontardawe Town,60.46,64.47,37.56809066,South West
Treharris Athletic,Pontardawe Town,68.86,65.92,42.78760706,South West
West End,Pontardawe Town,14.52,19.77,9.02230692,South West
Ynyshir Albions,Pontardawe Town,75.1,73.12,46.6649621,South West
Ynysygerwn,Pontardawe Town,14.52,19.77,9.02230692,South West
AFC Llwydcoed,Pontyclun,42.95,47.62,26.68788445,South West
AFC Porth,Pontyclun,14.39,29.4,8.94152869,South West
Caerau Ely,Pontyclun,15.84,24.2,9.84251664,South West
Cwmamman Utd,Pontyclun,84,71.37,52.195164,South West
Dinas Powys,Pontyclun,25.22,31.25,15.67097662,South West
Garden Village,Pontyclun,66.44,51.72,41.28388924,South West
Penrhiwceiber Rangers,Pontyclun,27.63,38.2,17.16848073,South West
Penydarren BGC,Pontyclun,37.06,43.52,23.02800926,South West
Pontardawe Town,Pontyclun,62.26,51.92,38.68655846,South West
Pontyclun,Pontyclun,NA,NA,NA,South West
STM Sports,Pontyclun,25.43,38,15.80146453,South West
Ton Pentre,Pontyclun,19.76,38.2,12.27829096,South West
Treharris Athletic,Pontyclun,25.97,36.53,16.13700487,South West
West End,Pontyclun,49.54,40.25,30.78271934,South West
Ynyshir Albions,Pontyclun,15.4,32.73,9.5691134,South West
Ynysygerwn,Pontyclun,49.54,40.25,30.78271934,South West
AFC Llwydcoed,STM Sports,49.79,52.77,30.93806209,South West
AFC Porth,STM Sports,30.63,45.38,19.03259373,South West
Caerau Ely,STM Sports,14.52,32.45,9.02230692,South West
Cwmamman Utd,STM Sports,100.23,87.97,62.28001533,South West
Dinas Powys,STM Sports,14.36,35.18,8.92288756,South West
Garden Village,STM Sports,82.67,68.32,51.36874057,South West
Penrhiwceiber Rangers,STM Sports,34.46,43.35,21.41244466,South West
Penydarren BGC,STM Sports,43.89,48.67,27.27197319,South West
Pontardawe Town,STM Sports,78.5,68.52,48.7776235,South West
Pontyclun,STM Sports,25.3,37.62,15.7206863,South West
STM Sports,STM Sports,NA,NA,NA,South West
Ton Pentre,STM Sports,37.49,59.37,23.29519879,South West
Treharris Athletic,STM Sports,32.81,41.68,20.38718251,South West
West End,STM Sports,65.77,56.85,40.86757067,South West
Ynyshir Albions,STM Sports,31.3,47.22,19.4489123,South West
Ynysygerwn,STM Sports,65.77,56.85,40.86757067,South West
AFC Llwydcoed,Ton Pentre,24.26,36.7,15.07446046,South West
AFC Porth,Ton Pentre,6.88,14.32,4.27503248,South West
Caerau Ely,Ton Pentre,32.41,49.8,20.13863411,South West
Cwmamman Utd,Ton Pentre,81.75,82.42,50.79707925,South West
Dinas Powys,Ton Pentre,41.79,56.85,25.96709409,South West
Garden Village,Ton Pentre,64.19,62.77,39.88580449,South West
Penrhiwceiber Rangers,Ton Pentre,13.53,34.82,8.40714963,South West
Penydarren BGC,Ton Pentre,32.26,44.12,20.04542846,South West
Pontardawe Town,Ton Pentre,60.01,62.97,37.28847371,South West
Pontyclun,Ton Pentre,19.66,37.22,12.21615386,South West
STM Sports,Ton Pentre,37.52,58.63,23.31383992,South West
Ton Pentre,Ton Pentre,NA,NA,NA,South West
Treharris Athletic,Ton Pentre,23.93,42.98,14.86940803,South West
West End,Ton Pentre,47.38,50.13,29.44055798,South West
Ynyshir Albions,Ton Pentre,7.57,17.67,4.70377847,South West
Ynysygerwn,Ton Pentre,47.38,50.13,29.44055798,South West
AFC Llwydcoed,Treharris Athletic,23.69,27.73,14.72027899,South West
AFC Porth,Treharris Athletic,17.06,28.88,10.60058926,South West
Caerau Ely,Treharris Athletic,34.02,35.55,21.13904142,South West
Cwmamman Utd,Treharris Athletic,89.89,83.73,55.85503919,South West
Dinas Powys,Treharris Athletic,43.4,42.6,26.9675014,South West
Garden Village,Treharris Athletic,72.33,64.08,44.94376443,South West
Penrhiwceiber Rangers,Treharris Athletic,8.37,18.32,5.20087527,South West
Penydarren BGC,Treharris Athletic,17.8,23.63,11.0604038,South West
Pontardawe Town,Treharris Athletic,68.15,64.28,42.34643365,South West
Pontyclun,Treharris Athletic,25.9,37.32,16.0935089,South West
STM Sports,Treharris Athletic,33.02,41.92,20.51767042,South West
Ton Pentre,Treharris Athletic,23.92,42.87,14.86319432,South West
Treharris Athletic,Treharris Athletic,NA,NA,NA,South West
West End,Treharris Athletic,55.52,51.45,34.49851792,South West
Ynyshir Albions,Treharris Athletic,17.73,30.72,11.01690783,South West
Ynysygerwn,Treharris Athletic,55.52,51.45,34.49851792,South West
AFC Llwydcoed,West End,33.64,30.12,20.90292044,South West
AFC Porth,West End,60.9,56.18,37.8414939,South West
Caerau Ely,West End,55.93,42.07,34.75328003,South West
Cwmamman Utd,West End,36.11,38.45,22.43770681,South West
Dinas Powys,West End,65.32,49.12,40.58795372,South West
Garden Village,West End,18.56,18.8,11.53264576,South West
Penrhiwceiber Rangers,West End,43.57,47.9,27.07313447,South West
Penydarren BGC,West End,41.65,37.53,25.88010215,South West
Pontardawe Town,West End,14.38,19,8.93531498,South West
Pontyclun,West End,49.76,40.97,30.91942096,South West
STM Sports,West End,65.53,55.87,40.71844163,South West
Ton Pentre,West End,47.24,49.7,29.35356604,South West
Treharris Athletic,West End,55.64,51.15,34.57308244,South West
West End,West End,NA,NA,NA,South West
Ynyshir Albions,West End,61.91,59.52,38.46907861,South West
Ynysygerwn,West End,NA,NA,NA,South West
AFC Llwydcoed,Ynyshir Albions,20.12,38.67,12.50198452,South West
AFC Porth,Ynyshir Albions,3.17,7.52,1.96974607,South West
Caerau Ely,Ynyshir Albions,32.34,40.33,20.09513814,South West
Cwmamman Utd,Ynyshir Albions,83.04,92.05,51.59864784,South West
Dinas Powys,Ynyshir Albions,41.72,47.38,25.92359812,South West
Garden Village,Ynyshir Albions,65.49,72.4,40.69358679,South West
Penrhiwceiber Rangers,Ynyshir Albions,11.6,26.78,7.2079036,South West
Penydarren BGC,Ynyshir Albions,28.83,38.03,17.91412593,South West
Pontardawe Town,Ynyshir Albions,61.31,72.6,38.09625601,South West
Pontyclun,Ynyshir Albions,15.42,32.48,9.58154082,South West
STM Sports,Ynyshir Albions,31.34,46.7,19.47376714,South West
Ton Pentre,Ynyshir Albions,7.65,18.52,4.75348815,South West
Treharris Athletic,Ynyshir Albions,17.75,31.05,11.02933525,South West
West End,Ynyshir Albions,48.58,60.93,30.18620318,South West
Ynyshir Albions,Ynyshir Albions,NA,NA,NA,South West
Ynysygerwn,Ynyshir Albions,48.58,60.93,30.18620318,South West
AFC Llwydcoed,Ynysygerwn,33.64,30.12,20.90292044,South West
AFC Porth,Ynysygerwn,60.9,56.18,37.8414939,South West
Caerau Ely,Ynysygerwn,55.93,42.07,34.75328003,South West
Cwmamman Utd,Ynysygerwn,36.11,38.45,22.43770681,South West
Dinas Powys,Ynysygerwn,65.32,49.12,40.58795372,South West
Garden Village,Ynysygerwn,18.56,18.8,11.53264576,South West
Penrhiwceiber Rangers,Ynysygerwn,43.57,47.9,27.07313447,South West
Penydarren BGC,Ynysygerwn,41.65,37.53,25.88010215,South West
Pontardawe Town,Ynysygerwn,14.38,19,8.93531498,South West
Pontyclun,Ynysygerwn,49.76,40.97,30.91942096,South West
STM Sports,Ynysygerwn,65.53,55.87,40.71844163,South West
Ton Pentre,Ynysygerwn,47.24,49.7,29.35356604,South West
Treharris Athletic,Ynysygerwn,55.64,51.15,34.57308244,South West
West End,Ynysygerwn,NA,NA,NA,South West
Ynyshir Albions,Ynysygerwn,61.91,59.52,38.46907861,South West
Ynysygerwn,Ynysygerwn,NA,NA,NA,South West
Blaenau Amateurs,Blaenau Amateurs,NA,NA,NA,North West
Brickfield Rangers,Blaenau Amateurs,89.44,81.48,55.57542224,North West
Brymbo,Blaenau Amateurs,87.35,77.37,54.27675685,North West
CPD Porthmadog,Blaenau Amateurs,16.43,18.22,10.20912553,North West
Denbigh Town,Blaenau Amateurs,56.39,67.17,35.03911069,North West
Dyffryn Nantlle Vale,Blaenau Amateurs,37.71,40.48,23.43190041,North West
Llandudno Albion,Blaenau Amateurs,50.19,65.07,31.18661049,North West
Llanrwst United,Blaenau Amateurs,26.13,33.02,16.23642423,North West
Llanuwchllyn,Blaenau Amateurs,51.64,40.33,32.08759844,North West
Llay Welfare,Blaenau Amateurs,92,84.78,57.166132,North West
Mold Alexandra,Blaenau Amateurs,94.21,85.4,58.53936191,North West
Rhostyllen,Blaenau Amateurs,95.9,80.12,59.5894789,North West
Rhydymwyn,Blaenau Amateurs,94.9,85.6,58.9681079,North West
Saltney Town,Blaenau Amateurs,100.77,98.68,62.61555567,North West
St Asaph City,Blaenau Amateurs,69.67,73.5,43.29091757,North West
Y Felinheli,Blaenau Amateurs,57.92,65.6,35.98980832,North West
Blaenau Amateurs,Brickfield Rangers,89.42,81.8,55.56299482,North West
Brickfield Rangers,Brickfield Rangers,NA,NA,NA,North West
Brymbo,Brickfield Rangers,3.58,6.53,2.22450818,North West
CPD Porthmadog,Brickfield Rangers,93.36,89.38,58.01119656,North West
Denbigh Town,Brickfield Rangers,39.74,59.9,24.69328354,North West
Dyffryn Nantlle Vale,Brickfield Rangers,131.71,108.3,81.84077441,North West
Llandudno Albion,Brickfield Rangers,86.78,70.48,53.92257538,North West
Llanrwst United,Brickfield Rangers,69.92,68.63,43.44626032,North West
Llanuwchllyn,Brickfield Rangers,56.11,59.08,34.86512681,North West
Llay Welfare,Brickfield Rangers,9.29,14.45,5.77253659,North West
Mold Alexandra,Brickfield Rangers,19.67,32.07,12.22236757,North West
Rhostyllen,Brickfield Rangers,2.13,4.28,1.32352023,North West
Rhydymwyn,Brickfield Rangers,23.86,39.25,14.82591206,North West
Saltney Town,Brickfield Rangers,21.91,32.85,13.61423861,North West
St Asaph City,Brickfield Rangers,56.7,48.65,35.2317357,North West
Y Felinheli,Brickfield Rangers,113.06,81.45,70.25220526,North West
Blaenau Amateurs,Brymbo,87.35,77.7,54.27675685,North West
Brickfield Rangers,Brymbo,3.58,6.53,2.22450818,North West
Brymbo,Brymbo,NA,NA,NA,North West
CPD Porthmadog,Brymbo,91.29,85.28,56.72495859,North West
Denbigh Town,Brymbo,37.67,55.8,23.40704557,North West
Dyffryn Nantlle Vale,Brymbo,112.56,107.55,69.94151976,North West
Llandudno Albion,Brymbo,79.12,71.42,49.16287352,North West
Llanrwst United,Brymbo,67.84,64.53,42.15380864,North West
Llanuwchllyn,Brymbo,54.04,54.98,33.57888884,North West
Llay Welfare,Brymbo,7.76,16.73,4.82183896,North West
Mold Alexandra,Brymbo,16.82,30.37,10.45146022,North West
Rhostyllen,Brymbo,5.48,7.6,3.40511308,North West
Rhydymwyn,Brymbo,21,37.55,13.048791,North West
Saltney Town,Brymbo,20.79,39.53,12.91830309,North West
St Asaph City,Brymbo,49.05,49.58,30.47824755,North West
Y Felinheli,Brymbo,105.4,82.38,65.4925034,North West
Blaenau Amateurs,CPD Porthmadog,16.48,18.43,10.24019408,North West
Brickfield Rangers,CPD Porthmadog,93.43,89.28,58.05469253,North West
Brymbo,CPD Porthmadog,91.33,85.17,56.74981343,North West
CPD Porthmadog,CPD Porthmadog,NA,NA,NA,North West
Denbigh Town,CPD Porthmadog,72.09,80.33,44.79463539,North West
Dyffryn Nantlle Vale,CPD Porthmadog,21.4,22.65,13.2973394,North West
Llandudno Albion,CPD Porthmadog,65.89,78.23,40.94213519,North West
Llanrwst United,CPD Porthmadog,41.84,46.18,25.99816264,North West
Llanuwchllyn,CPD Porthmadog,55.63,48.13,34.56686873,North West
Llay Welfare,CPD Porthmadog,95.99,92.58,59.64540229,North West
Mold Alexandra,CPD Porthmadog,98.19,93.2,61.01241849,North West
Rhostyllen,CPD Porthmadog,99.89,87.92,62.06874919,North West
Rhydymwyn,CPD Porthmadog,98.89,93.4,61.44737819,North West
Saltney Town,CPD Porthmadog,104.75,106.48,65.08861225,North West
St Asaph City,CPD Porthmadog,85.38,86.67,53.05265598,North West
Y Felinheli,CPD Porthmadog,41.61,47.77,25.85524731,North West
Blaenau Amateurs,Denbigh Town,56.39,67.32,35.03911069,North West
Brickfield Rangers,Denbigh Town,39.69,59.27,24.66221499,North West
Brymbo,Denbigh Town,37.59,55.15,23.35733589,North West
CPD Porthmadog,Denbigh Town,71.98,80.18,44.72628458,North West
Denbigh Town,Denbigh Town,NA,NA,NA,North West
Dyffryn Nantlle Vale,Denbigh Town,86.16,88.2,53.53732536,North West
Llandudno Albion,Denbigh Town,41.23,50.38,25.61912633,North West
Llanrwst United,Denbigh Town,43.78,50.58,27.20362238,North West
Llanuwchllyn,Denbigh Town,55.76,60.67,34.64764696,North West
Llay Welfare,Denbigh Town,44.51,49.6,27.65722321,North West
Mold Alexandra,Denbigh Town,23.94,32.52,14.87562174,North West
Rhostyllen,Denbigh Town,41.6,60.33,25.8490336,North West
Rhydymwyn,Denbigh Town,19.22,24.43,11.94275062,North West
Saltney Town,Denbigh Town,41.72,46.78,25.92359812,North West
St Asaph City,Denbigh Town,9.76,21.35,6.06458096,North West
Y Felinheli,Denbigh Town,67.51,61.35,41.94875621,North West
Blaenau Amateurs,Dyffryn Nantlle Vale,37.97,41.57,23.59345687,North West
Brickfield Rangers,Dyffryn Nantlle Vale,130.34,106.53,80.98949614,North West
Brymbo,Dyffryn Nantlle Vale,112.83,108.3,70.10928993,North West
CPD Porthmadog,Dyffryn Nantlle Vale,21.62,23.52,13.43404102,North West
Denbigh Town,Dyffryn Nantlle Vale,85.34,85.72,53.02780114,North West
Dyffryn Nantlle Vale,Dyffryn Nantlle Vale,NA,NA,NA,North West
Llandudno Albion,Dyffryn Nantlle Vale,56.98,59.7,35.40571958,North West
Llanrwst United,Dyffryn Nantlle Vale,63.33,69.32,39.35142543,North West
Llanuwchllyn,Dyffryn Nantlle Vale,77.12,71.27,47.92013152,North West
Llay Welfare,Dyffryn Nantlle Vale,118.66,98.02,73.73188286,North West
Mold Alexandra,Dyffryn Nantlle Vale,105.98,89.03,65.85289858,North West
Rhostyllen,Dyffryn Nantlle Vale,132.23,107.4,82.16388733,North West
Rhydymwyn,Dyffryn Nantlle Vale,103.09,88.93,64.05713639,North West
Saltney Town,Dyffryn Nantlle Vale,115.87,95.2,71.99825777,North West
St Asaph City,Dyffryn Nantlle Vale,76.45,67.7,47.50381295,North West
Y Felinheli,Dyffryn Nantlle Vale,21.42,31.78,13.30976682,North West
Blaenau Amateurs,Llandudno Albion,50.19,65.22,31.18661049,North West
Brickfield Rangers,Llandudno Albion,86.29,70.73,53.61810359,North West
Brymbo,Llandudno Albion,78.66,72.57,48.87704286,North West
CPD Porthmadog,Llandudno Albion,65.78,78.08,40.87378438,North West
Denbigh Town,Llandudno Albion,41.29,49.92,25.65640859,North West
Dyffryn Nantlle Vale,Llandudno Albion,57.38,60.45,35.65426798,North West
Llandudno Albion,Llandudno Albion,NA,NA,NA,North West
Llanrwst United,Llandudno Albion,24.53,34.1,15.24223063,North West
Llanuwchllyn,Llandudno Albion,84.29,80.82,52.37536159,North West
Llay Welfare,Llandudno Albion,74.61,62.22,46.36049031,North West
Mold Alexandra,Llandudno Albion,61.92,53.23,38.47529232,North West
Rhostyllen,Llandudno Albion,88.18,71.6,54.79249478,North West
Rhydymwyn,Llandudno Albion,59.04,53.13,36.68574384,North West
Saltney Town,Llandudno Albion,71.82,59.4,44.62686522,North West
St Asaph City,Llandudno Albion,32.39,31.9,20.12620669,North West
Y Felinheli,Llandudno Albion,38.73,33.6,24.06569883,North West
Blaenau Amateurs,Llanrwst United,26.15,33.1,16.24885165,North West
Brickfield Rangers,Llanrwst United,69.92,68.55,43.44626032,North West
Brymbo,Llanrwst United,67.82,64.43,42.14138122,North West
CPD Porthmadog,Llanrwst United,41.73,45.97,25.92981183,North West
Denbigh Town,Llanrwst United,43.79,50.52,27.20983609,North West
Dyffryn Nantlle Vale,Llanrwst United,63.01,68.23,39.15258671,North West
Llandudno Albion,Llanrwst United,24.54,34.03,15.24844434,North West
Llanrwst United,Llanrwst United,NA,NA,NA,North West
Llanuwchllyn,Llanrwst United,60.24,48.7,37.43138904,North West
Llay Welfare,Llanrwst United,72.47,71.85,45.03075637,North West
Mold Alexandra,Llanrwst United,73.56,63.8,45.70805076,North West
Rhostyllen,Llanrwst United,76.38,67.18,47.46031698,North West
Rhydymwyn,Llanrwst United,70.68,63.7,43.91850228,North West
Saltney Town,Llanrwst United,83.46,69.97,51.85962366,North West
St Asaph City,Llanrwst United,44.03,42.47,27.35896513,North West
Y Felinheli,Llanrwst United,50.83,45.67,31.58428793,North West
Blaenau Amateurs,Llanuwchllyn,51.61,40.3,32.06895731,North West
Brickfield Rangers,Llanuwchllyn,56.1,58.73,34.8589131,North West
Brymbo,Llanuwchllyn,54,54.62,33.554034,North West
CPD Porthmadog,Llanuwchllyn,55.55,47.88,34.51715905,North West
Denbigh Town,Llanuwchllyn,55.79,61.08,34.66628809,North West
Dyffryn Nantlle Vale,Llanuwchllyn,76.82,70.15,47.73372022,North West
Llandudno Albion,Llanuwchllyn,84.3,80.75,52.3815753,North West
Llanrwst United,Llanuwchllyn,60.24,48.7,37.43138904,North West
Llanuwchllyn,Llanuwchllyn,NA,NA,NA,North West
Llay Welfare,Llanuwchllyn,58.66,62.03,36.44962286,North West
Mold Alexandra,Llanuwchllyn,60.86,62.65,37.81663906,North West
Rhostyllen,Llanuwchllyn,62.56,57.37,38.87296976,North West
Rhydymwyn,Llanuwchllyn,61.56,62.85,38.25159876,North West
Saltney Town,Llanuwchllyn,67.42,75.93,41.89283282,North West
St Asaph City,Llanuwchllyn,64.56,73.5,40.11571176,North West
Y Felinheli,Llanuwchllyn,91.44,83.45,56.81816424,North West
Blaenau Amateurs,Llay Welfare,91.94,84.68,57.12884974,North West
Brickfield Rangers,Llay Welfare,9.3,14.7,5.7787503,North West
Brymbo,Llay Welfare,7.77,16.8,4.82805267,North West
CPD Porthmadog,Llay Welfare,95.88,92.27,59.57705148,North West
Denbigh Town,Llay Welfare,45.49,50.85,28.26616679,North West
Dyffryn Nantlle Vale,Llay Welfare,120.02,99.2,74.57694742,North West
Llandudno Albion,Llay Welfare,75.09,61.38,46.65874839,North West
Llanrwst United,Llay Welfare,72.44,71.52,45.01211524,North West
Llanuwchllyn,Llay Welfare,58.64,61.97,36.43719544,North West
Llay Welfare,Llay Welfare,NA,NA,NA,North West
Mold Alexandra,Llay Welfare,15.82,22.28,9.83008922,North West
Rhostyllen,Llay Welfare,11.19,15.57,6.95314149,North West
Rhydymwyn,Llay Welfare,20,29.47,12.42742,North West
Saltney Town,Llay Welfare,16.75,29.5,10.40796425,North West
St Asaph City,Llay Welfare,45.01,39.55,27.96790871,North West
Y Felinheli,Llay Welfare,101.37,72.35,62.98837827,North West
Blaenau Amateurs,Mold Alexandra,94.09,85.3,58.46479739,North West
Brickfield Rangers,Mold Alexandra,27.42,30.73,17.03799282,North West
Brymbo,Mold Alexandra,16.79,31.02,10.43281909,North West
CPD Porthmadog,Mold Alexandra,98.03,92.88,60.91299913,North West
Denbigh Town,Mold Alexandra,23.94,32.65,14.87562174,North West
Dyffryn Nantlle Vale,Mold Alexandra,106.73,90.47,66.31892683,North West
Llandudno Albion,Mold Alexandra,61.8,52.65,38.4007278,North West
Llanrwst United,Mold Alexandra,73.88,64.78,45.90688948,North West
Llanuwchllyn,Mold Alexandra,60.78,62.58,37.76692938,North West
Llay Welfare,Mold Alexandra,15.75,22.22,9.78659325,North West
Mold Alexandra,Mold Alexandra,NA,NA,NA,North West
Rhostyllen,Mold Alexandra,29.31,31.6,18.21238401,North West
Rhydymwyn,Mold Alexandra,5.14,9.7,3.19384694,North West
Saltney Town,Mold Alexandra,17.39,24.63,10.80564169,North West
St Asaph City,Mold Alexandra,31.72,30.82,19.70988812,North West
Y Felinheli,Mold Alexandra,88.08,63.62,54.73035768,North West
Blaenau Amateurs,Rhostyllen,95.61,79.77,59.40928131,North West
Brickfield Rangers,Rhostyllen,2.13,4.28,1.32352023,North West
Brymbo,Rhostyllen,5.69,8.28,3.53560099,North West
CPD Porthmadog,Rhostyllen,99.55,87.35,61.85748305,North West
Denbigh Town,Rhostyllen,41.85,61.65,26.00437635,North West
Dyffryn Nantlle Vale,Rhostyllen,120.83,109.62,75.08025793,North West
Llandudno Albion,Rhostyllen,88.89,72.05,55.23366819,North West
Llanrwst United,Rhostyllen,76.11,66.6,47.29254681,North West
Llanuwchllyn,Rhostyllen,62.31,57.05,38.71762701,North West
Llay Welfare,Rhostyllen,11.4,16.02,7.0836294,North West
Mold Alexandra,Rhostyllen,21.78,33.63,13.53346038,North West
Rhostyllen,Rhostyllen,NA,NA,NA,North West
Rhydymwyn,Rhostyllen,25.97,40.82,16.13700487,North West
Saltney Town,Rhostyllen,24.03,34.42,14.93154513,North West
St Asaph City,Rhostyllen,58.81,50.22,36.54282851,North West
Y Felinheli,Rhostyllen,115.17,83.02,71.56329807,North West
Blaenau Amateurs,Rhydymwyn,94.87,85.57,58.94946677,North West
Brickfield Rangers,Rhydymwyn,31.61,37.95,19.64153731,North West
Brymbo,Rhydymwyn,20.98,38.23,13.03636358,North West
CPD Porthmadog,Rhydymwyn,98.81,93.15,61.39766851,North West
Denbigh Town,Rhydymwyn,19.22,24.57,11.94275062,North West
Dyffryn Nantlle Vale,Rhydymwyn,103.02,91.6,64.01364042,North West
Llandudno Albion,Rhydymwyn,58.09,53.78,36.09544139,North West
Llanrwst United,Rhydymwyn,70.18,65.92,43.60781678,North West
Llanuwchllyn,Rhydymwyn,61.56,62.85,38.25159876,North West
Llay Welfare,Rhydymwyn,19.94,29.43,12.39013774,North West
Mold Alexandra,Rhydymwyn,5.14,9.7,3.19384694,North West
Rhostyllen,Rhydymwyn,33.5,38.82,20.8159285,North West
Rhydymwyn,Rhydymwyn,NA,NA,NA,North West
Saltney Town,Rhydymwyn,20.74,30.73,12.88723454,North West
St Asaph City,Rhydymwyn,28.01,31.95,17.40460171,North West
Y Felinheli,Rhydymwyn,84.37,64.75,52.42507127,North West
Blaenau Amateurs,Saltney Town,101.73,98.42,63.21207183,North West
Brickfield Rangers,Saltney Town,21.91,32.22,13.61423861,North West
Brymbo,Saltney Town,21.86,39.5,13.58317006,North West
CPD Porthmadog,Saltney Town,105.67,106,65.66027357,North West
Denbigh Town,Saltney Town,42.37,47.03,26.32748927,North West
Dyffryn Nantlle Vale,Saltney Town,116.9,95.38,72.6382699,North West
Llandudno Albion,Saltney Town,71.97,57.57,44.72007087,North West
Llanrwst United,Saltney Town,84.06,69.7,52.23244626,North West
Llanuwchllyn,Saltney Town,68.42,75.7,42.51420382,North West
Llay Welfare,Saltney Town,17.82,29.15,11.07283122,North West
Mold Alexandra,Saltney Town,17.68,23.85,10.98583928,North West
Rhostyllen,Saltney Town,23.8,33.08,14.7886298,North West
Rhydymwyn,Saltney Town,21.08,30.25,13.09850068,North West
Saltney Town,Saltney Town,NA,NA,NA,North West
St Asaph City,Saltney Town,41.89,35.73,26.02923119,North West
Y Felinheli,Saltney Town,98.25,68.53,61.04970075,North West
Blaenau Amateurs,St Asaph City,70,75.03,43.49597,North West
Brickfield Rangers,St Asaph City,54.87,46.82,34.09462677,North West
Brymbo,St Asaph City,47.24,48.65,29.35356604,North West
CPD Porthmadog,St Asaph City,85.59,87.9,53.18314389,North West
Denbigh Town,St Asaph City,9.71,21.37,6.03351241,North West
Dyffryn Nantlle Vale,St Asaph City,77.18,69.6,47.95741378,North West
Llandudno Albion,St Asaph City,32.25,31.78,20.03921475,North West
Llanrwst United,St Asaph City,44.34,43.92,27.55159014,North West
Llanuwchllyn,St Asaph City,64.67,73.97,40.18406257,North West
Llay Welfare,St Asaph City,43.2,38.3,26.8432272,North West
Mold Alexandra,St Asaph City,30.51,29.32,18.95802921,North West
Rhostyllen,St Asaph City,56.76,47.68,35.26901796,North West
Rhydymwyn,St Asaph City,27.63,29.22,17.16848073,North West
Saltney Town,St Asaph City,40.41,35.48,25.10960211,North West
St Asaph City,St Asaph City,NA,NA,NA,North West
Y Felinheli,St Asaph City,58.53,42.75,36.36884463,North West
Blaenau Amateurs,Y Felinheli,57.9,66.08,35.9773809,North West
Brickfield Rangers,Y Felinheli,111.86,80.1,69.50656006,North West
Brymbo,Y Felinheli,104.24,81.93,64.77171304,North West
CPD Porthmadog,Y Felinheli,41.54,48.03,25.81175134,North West
Denbigh Town,Y Felinheli,66.87,59.28,41.55107877,North West
Dyffryn Nantlle Vale,Y Felinheli,21.34,31.97,13.26005714,North West
Llandudno Albion,Y Felinheli,38.5,33.27,23.9227835,North West
Llanrwst United,Y Felinheli,50.13,43.9,31.14932823,North West
Llanuwchllyn,Y Felinheli,91.02,83.28,56.55718842,North West
Llay Welfare,Y Felinheli,100.19,71.58,62.25516049,North West
Mold Alexandra,Y Felinheli,87.5,62.6,54.3699625,North West
Rhostyllen,Y Felinheli,113.76,80.97,70.68716496,North West
Rhydymwyn,Y Felinheli,84.62,62.5,52.58041402,North West
Saltney Town,Y Felinheli,97.4,68.77,60.5215354,North West
St Asaph City,Y Felinheli,57.97,41.27,36.02087687,North West
Y Felinheli,Y Felinheli,NA,NA,NA,North West
Berriew,Berriew,NA,NA,NA,North East
Bow Street,Berriew,82.35,84.7,51.16990185,North East
Caersws,Berriew,23.69,21.78,14.72027899,North East
Carno,Berriew,32.76,32.15,20.35611396,North East
Cefn Albion,Berriew,62.6,90.35,38.8978246,North East
Chirk AAA,Berriew,60.71,82.77,37.72343341,North East
Corwen,Berriew,69.75,74.08,43.34062725,North East
Four Crosses,Berriew,21.61,18.87,13.42782731,North East
Kerry,Berriew,15.88,15.12,9.86737148,North East
Llanfair Utd,Berriew,15.11,18.37,9.38891581,North East
Machynlleth,Berriew,60.2,64.33,37.4065342,North East
Montgomery Town,Berriew,6.79,12.23,4.21910909,North East
Penparcau,Berriew,82.14,84.65,51.03941394,North East
Penycae,Berriew,70.21,94.62,43.62645791,North East
Rhos Aelwyd,Berriew,71.66,94.4,44.52744586,North East
Welshpool Town,Berriew,9.25,10.18,5.74768175,North East
Berriew,Bow Street,82.39,85.17,51.19475669,North East
Bow Street,Bow Street,NA,NA,NA,North East
Caersws,Bow Street,59.85,65.1,37.18905435,North East
Carno,Bow Street,49.8,58.38,30.9442758,North East
Cefn Albion,Bow Street,116.53,120.28,72.40836263,North East
Chirk AAA,Bow Street,117.37,116.88,72.93031427,North East
Corwen,Bow Street,91.36,88.93,56.76845456,North East
Four Crosses,Bow Street,97.18,101.65,60.38483378,North East
Kerry,Bow Street,72.8,75.82,45.2358088,North East
Llanfair Utd,Bow Street,69.88,75.5,43.42140548,North East
Machynlleth,Bow Street,22.51,27.45,13.98706121,North East
Montgomery Town,Bow Street,85.64,90.68,53.21421244,North East
Penparcau,Bow Street,7.33,15.12,4.55464943,North East
Penycae,Bow Street,124.14,124.55,77.13699594,North East
Rhos Aelwyd,Bow Street,125.59,124.33,78.03798389,North East
Welshpool Town,Bow Street,84.04,88.87,52.22001884,North East
Berriew,Caersws,23.67,21.82,14.70785157,North East
Bow Street,Caersws,59.79,64.67,37.15177209,North East
Caersws,Caersws,NA,NA,NA,North East
Carno,Caersws,9.31,11.18,5.78496401,North East
Cefn Albion,Caersws,85.53,110.68,53.14586163,North East
Chirk AAA,Caersws,83.65,103.1,51.97768415,North East
Corwen,Caersws,97.81,93.47,60.77629751,North East
Four Crosses,Caersws,44.54,39.2,27.67586434,North East
Kerry,Caersws,14.08,12.47,8.74890368,North East
Llanfair Utd,Caersws,20.61,33.92,12.80645631,North East
Machynlleth,Caersws,36.76,43.37,22.84159796,North East
Montgomery Town,Caersws,26.91,27.33,16.72109361,North East
Penparcau,Caersws,59.58,64.62,37.02128418,North East
Penycae,Caersws,93.14,114.95,57.87449494,North East
Rhos Aelwyd,Caersws,94.6,114.73,58.7816966,North East
Welshpool Town,Caersws,32.18,30.52,19.99571878,North East
Berriew,Carno,32.73,32.18,20.33747283,North East
Bow Street,Carno,49.8,58.43,30.9442758,North East
Caersws,Carno,9.31,11.18,5.78496401,North East
Carno,Carno,NA,NA,NA,North East
Cefn Albion,Carno,113.66,113.63,70.62502786,North East
Chirk AAA,Carno,114.51,110.23,71.15319321,North East
Corwen,Carno,88.5,82.28,54.9913335,North East
Four Crosses,Carno,53.6,49.57,33.3054856,North East
Kerry,Carno,23.14,22.83,14.37852494,North East
Llanfair Utd,Carno,20.07,34.77,12.47091597,North East
Machynlleth,Carno,27.44,32.18,17.05042024,North East
Montgomery Town,Carno,35.97,37.7,22.35071487,North East
Penparcau,Carno,56.95,72.6,35.38707845,North East
Penycae,Carno,121.27,117.9,75.35366117,North East
Rhos Aelwyd,Carno,122.73,117.68,76.26086283,North East
Welshpool Town,Carno,41.24,40.88,25.62534004,North East
Berriew,Cefn Albion,62.53,90.53,38.85432863,North East
Bow Street,Cefn Albion,116.51,120.62,72.39593521,North East
Caersws,Cefn Albion,85.48,110.83,53.11479308,North East
Carno,Cefn Albion,113.65,114.22,70.61881415,North East
Cefn Albion,Cefn Albion,NA,NA,NA,North East
Chirk AAA,Cefn Albion,9.05,12.48,5.62340755,North East
Corwen,Cefn Albion,25.48,33.25,15.83253308,North East
Four Crosses,Cefn Albion,42.85,77.95,26.62574735,North East
Kerry,Cefn Albion,77.67,104.17,48.26188557,North East
Llanfair Utd,Cefn Albion,55.6,88.88,34.5482276,North East
Machynlleth,Cefn Albion,94.15,94.37,58.50207965,North East
Montgomery Town,Cefn Albion,68.58,101.28,42.61362318,North East
Penparcau,Cefn Albion,123.66,134.78,76.83873786,North East
Penycae,Cefn Albion,3.84,9.08,2.38606464,North East
Rhos Aelwyd,Cefn Albion,5.43,13.67,3.37404453,North East
Welshpool Town,Cefn Albion,54.64,86.8,33.95171144,North East
Berriew,Chirk AAA,60.67,82.78,37.69857857,North East
Bow Street,Chirk AAA,117.42,117.03,72.96138282,North East
Caersws,Chirk AAA,83.63,103.08,51.96525673,North East
Carno,Chirk AAA,114.56,110.63,71.18426176,North East
Cefn Albion,Chirk AAA,6.28,13.12,3.90220988,North East
Chirk AAA,Chirk AAA,NA,NA,NA,North East
Corwen,Chirk AAA,26.39,29.67,16.39798069,North East
Four Crosses,Chirk AAA,40.99,70.2,25.46999729,North East
Kerry,Chirk AAA,75.81,96.42,47.10613551,North East
Llanfair Utd,Chirk AAA,53.75,81.13,33.39869125,North East
Machynlleth,Chirk AAA,95.06,90.78,59.06752726,North East
Montgomery Town,Chirk AAA,66.73,93.53,41.46408683,North East
Penparcau,Chirk AAA,124.57,131.2,77.40418547,North East
Penycae,Chirk AAA,10.3,15.63,6.4001213,North East
Rhos Aelwyd,Chirk AAA,11.75,15.42,7.30110925,North East
Welshpool Town,Chirk AAA,52.78,79.05,32.79596138,North East
Berriew,Corwen,69.93,74.92,43.45247403,North East
Bow Street,Corwen,91.37,89.05,56.77466827,North East
Caersws,Corwen,97.83,93.83,60.78872493,North East
Carno,Corwen,88.51,82.65,54.99754721,North East
Cefn Albion,Corwen,25.51,33.03,15.85117421,North East
Chirk AAA,Corwen,26.36,29.63,16.37933956,North East
Corwen,Corwen,NA,NA,NA,North East
Four Crosses,Corwen,58.7,65.67,36.4744777,North East
Kerry,Corwen,85.07,88.55,52.86003097,North East
Llanfair Utd,Corwen,62.31,69.32,38.71762701,North East
Machynlleth,Corwen,69.02,62.8,42.88702642,North East
Montgomery Town,Corwen,75.98,85.67,47.21176858,North East
Penparcau,Corwen,98.52,103.22,61.21747092,North East
Penycae,Corwen,33.12,37.3,20.57980752,North East
Rhos Aelwyd,Corwen,34.58,37.08,21.48700918,North East
Welshpool Town,Corwen,61.92,69.48,38.47529232,North East
Berriew,Four Crosses,21.69,19.55,13.47753699,North East
Bow Street,Four Crosses,96.88,101.32,60.19842248,North East
Caersws,Four Crosses,44.65,39.85,27.74421515,North East
Carno,Four Crosses,53.72,50.22,33.38005012,North East
Cefn Albion,Four Crosses,42.86,77.9,26.63196106,North East
Chirk AAA,Four Crosses,40.98,70.32,25.46378358,North East
Corwen,Four Crosses,58.67,65.57,36.45583657,North East
Four Crosses,Four Crosses,NA,NA,NA,North East
Kerry,Four Crosses,36.84,33.18,22.89130764,North East
Llanfair Utd,Four Crosses,27.75,28.63,17.24304525,North East
Machynlleth,Four Crosses,74.53,75.07,46.31078063,North East
Montgomery Town,Four Crosses,27.75,30.3,17.24304525,North East
Penparcau,Four Crosses,103.11,102.72,64.06956381,North East
Penycae,Four Crosses,50.47,82.17,31.36059437,North East
Rhos Aelwyd,Four Crosses,51.93,81.95,32.26779603,North East
Welshpool Town,Four Crosses,13.81,15.82,8.58113351,North East
Berriew,Kerry,15.77,14.75,9.79902067,North East
Bow Street,Kerry,72.83,75.95,45.25444993,North East
Caersws,Kerry,14.16,13.03,8.79861336,North East
Carno,Kerry,23.23,23.4,14.43444833,North East
Cefn Albion,Kerry,77.63,103.62,48.23703073,North East
Chirk AAA,Kerry,75.75,96.03,47.06885325,North East
Corwen,Kerry,84.79,87.35,52.68604709,North East
Four Crosses,Kerry,36.65,32.13,22.77324715,North East
Kerry,Kerry,NA,NA,NA,North East
Llanfair Utd,Kerry,30.88,33.1,19.18793648,North East
Machynlleth,Kerry,50.67,55.58,31.48486857,North East
Montgomery Town,Kerry,14.19,18.43,8.81725449,North East
Penparcau,Kerry,72.62,75.9,45.12396202,North East
Penycae,Kerry,85.25,107.88,52.97187775,North East
Rhos Aelwyd,Kerry,86.7,107.67,53.8728657,North East
Welshpool Town,Kerry,24.29,23.45,15.09310159,North East
Berriew,Llanfair Utd,15.11,18.32,9.38891581,North East
Bow Street,Llanfair Utd,69.86,75.42,43.40897806,North East
Caersws,Llanfair Utd,20.61,33.92,12.80645631,North East
Carno,Llanfair Utd,20.07,34.72,12.47091597,North East
Cefn Albion,Llanfair Utd,55.63,88.62,34.56686873,North East
Chirk AAA,Llanfair Utd,53.75,81.03,33.39869125,North East
Corwen,Llanfair Utd,62.3,69,38.7114133,North East
Four Crosses,Llanfair Utd,28.04,28.88,17.42324284,North East
Kerry,Llanfair Utd,30.99,33.42,19.25628729,North East
Llanfair Utd,Llanfair Utd,NA,NA,NA,North East
Machynlleth,Llanfair Utd,47.51,49.17,29.52133621,North East
Montgomery Town,Llanfair Utd,21.9,30.53,13.6080249,North East
Penparcau,Llanfair Utd,77.02,89.58,47.85799442,North East
Penycae,Llanfair Utd,63.24,92.88,39.29550204,North East
Rhos Aelwyd,Llanfair Utd,64.7,92.67,40.2027037,North East
Welshpool Town,Llanfair Utd,14.9,16.1,9.2584279,North East
Berriew,Machynlleth,60.17,64.17,37.38789307,North East
Bow Street,Machynlleth,22.51,27.3,13.98706121,North East
Caersws,Machynlleth,36.75,43.17,22.83538425,North East
Carno,Machynlleth,27.44,31.98,17.05042024,North East
Cefn Albion,Machynlleth,94.17,93.88,58.51450707,North East
Chirk AAA,Machynlleth,95.02,90.48,59.04267242,North East
Corwen,Machynlleth,69.01,62.53,42.88081271,North East
Four Crosses,Machynlleth,74.82,75.25,46.49097822,North East
Kerry,Machynlleth,50.58,54.82,31.42894518,North East
Llanfair Utd,Machynlleth,47.52,49.1,29.52754992,North East
Machynlleth,Machynlleth,NA,NA,NA,North East
Montgomery Town,Machynlleth,63.41,69.68,39.40113511,North East
Penparcau,Machynlleth,29.66,41.47,18.42986386,North East
Penycae,Machynlleth,101.78,98.15,63.24314038,North East
Rhos Aelwyd,Machynlleth,103.24,97.93,64.15034204,North East
Welshpool Town,Machynlleth,61.69,62.47,38.33237699,North East
Berriew,Montgomery Town,6.79,12.18,4.21910909,North East
Bow Street,Montgomery Town,85.6,90.17,53.1893576,North East
Caersws,Montgomery Town,26.93,27.25,16.73352103,North East
Carno,Montgomery Town,36,37.62,22.369356,North East
Cefn Albion,Montgomery Town,68.65,101.05,42.65711915,North East
Chirk AAA,Montgomery Town,66.77,93.47,41.48894167,North East
Corwen,Montgomery Town,75.81,84.78,47.10613551,North East
Four Crosses,Montgomery Town,27.66,29.57,17.18712186,North East
Kerry,Montgomery Town,14.19,18.48,8.81725449,North East
Llanfair Utd,Montgomery Town,21.9,30.53,13.6080249,North East
Machynlleth,Montgomery Town,63.44,69.8,39.41977624,North East
Montgomery Town,Montgomery Town,NA,NA,NA,North East
Penparcau,Montgomery Town,85.39,90.12,53.05886969,North East
Penycae,Montgomery Town,76.26,105.32,47.38575246,North East
Rhos Aelwyd,Montgomery Town,77.72,105.1,48.29295412,North East
Welshpool Town,Montgomery Town,15.3,20.88,9.5069763,North East
Berriew,Penparcau,82.05,84.38,50.98349055,North East
Bow Street,Penparcau,7.23,14.72,4.49251233,North East
Caersws,Penparcau,59.51,64.32,36.97778821,North East
Carno,Penparcau,56.84,72.15,35.31872764,North East
Cefn Albion,Penparcau,123.57,134.05,76.78281447,North East
Chirk AAA,Penparcau,124.42,130.65,77.31097982,North East
Corwen,Penparcau,98.41,102.7,61.14912011,North East
Four Crosses,Penparcau,102.93,101.77,63.95771703,North East
Kerry,Penparcau,72.46,75.03,45.02454266,North East
Llanfair Utd,Penparcau,76.93,89.27,47.80207103,North East
Machynlleth,Penparcau,29.56,41.22,18.36772676,North East
Montgomery Town,Penparcau,85.29,89.9,52.99673259,North East
Penparcau,Penparcau,NA,NA,NA,North East
Penycae,Penparcau,131.19,138.32,81.51766149,North East
Rhos Aelwyd,Penparcau,132.64,138.1,82.41864944,North East
Welshpool Town,Penparcau,90.56,93.08,56.27135776,North East
Berriew,Penycae,70.11,94.17,43.56432081,North East
Bow Street,Penycae,124.08,124.25,77.09971368,North East
Caersws,Penycae,93.06,114.47,57.82478526,North East
Carno,Penycae,121.23,117.85,75.32880633,North East
Cefn Albion,Penycae,3.84,9.05,2.38606464,North East
Chirk AAA,Penycae,10.27,15.27,6.38148017,North East
Corwen,Penycae,33.06,36.88,20.54252526,North East
Four Crosses,Penycae,50.43,81.58,31.33573953,North East
Kerry,Penycae,85.25,107.8,52.97187775,North East
Llanfair Utd,Penycae,63.18,92.52,39.25821978,North East
Machynlleth,Penycae,101.73,98,63.21207183,North East
Montgomery Town,Penycae,76.16,104.92,47.32361536,North East
Penparcau,Penycae,131.24,138.42,81.54873004,North East
Penycae,Penycae,NA,NA,NA,North East
Rhos Aelwyd,Penycae,2.23,6.8,1.38565733,North East
Welshpool Town,Penycae,62.22,90.43,38.66170362,North East
Berriew,Rhos Aelwyd,71.44,93.93,44.39074424,North East
Bow Street,Rhos Aelwyd,125.42,124.02,77.93235082,North East
Caersws,Rhos Aelwyd,94.4,114.23,58.6574224,North East
Carno,Rhos Aelwyd,122.56,117.62,76.15522976,North East
Cefn Albion,Rhos Aelwyd,7.52,12.92,4.67270992,North East
Chirk AAA,Rhos Aelwyd,11.61,15.03,7.21411731,North East
Corwen,Rhos Aelwyd,34.39,36.65,21.36894869,North East
Four Crosses,Rhos Aelwyd,51.76,81.35,32.16216296,North East
Kerry,Rhos Aelwyd,86.58,107.57,53.79830118,North East
Llanfair Utd,Rhos Aelwyd,64.52,92.28,40.09085692,North East
Machynlleth,Rhos Aelwyd,103.07,97.77,64.04470897,North East
Montgomery Town,Rhos Aelwyd,77.49,104.68,48.15003879,North East
Penparcau,Rhos Aelwyd,132.57,138.18,82.37515347,North East
Penycae,Rhos Aelwyd,2.23,6.8,1.38565733,North East
Rhos Aelwyd,Rhos Aelwyd,NA,NA,NA,North East
Welshpool Town,Rhos Aelwyd,63.55,90.2,39.48812705,North East
Berriew,Welshpool Town,9.17,9.83,5.69797207,North East
Bow Street,Welshpool Town,84.62,89.98,52.58041402,North East
Caersws,Welshpool Town,32.13,30.13,19.96465023,North East
Carno,Welshpool Town,41.19,40.5,25.59427149,North East
Cefn Albion,Welshpool Town,54.76,87,34.02627596,North East
Chirk AAA,Welshpool Town,52.88,79.42,32.85809848,North East
Corwen,Welshpool Town,61.54,68.35,38.23917134,North East
Four Crosses,Welshpool Town,13.78,15.52,8.56249238,North East
Kerry,Welshpool Town,24.31,23.47,15.10552901,North East
Llanfair Utd,Welshpool Town,15.49,17.3,9.62503679,North East
Machynlleth,Welshpool Town,62.27,63.73,38.69277217,North East
Montgomery Town,Welshpool Town,15.22,20.58,9.45726662,North East
Penparcau,Welshpool Town,90.58,93,56.28378518,North East
Penycae,Welshpool Town,62.38,91.27,38.76112298,North East
Rhos Aelwyd,Welshpool Town,63.83,91.05,39.66211093,North East
Welshpool Town,Welshpool Town,NA,NA,NA,North East